join_priority,programmeName,normalized_domain,review_providers,scrape_readiness,why_request,gap_tags,approvalRate,epc,awinIndex,feedEnabled,productReporting,displayUrl,sample_product_urls,already_in_lead_or_sovrn,photo_signal,measurement_signal,final_score,advertiserId
request_now,Company,shopbrabar.com,Loox,high,full-bust/lingerie gap; plus/curve gap; tall/petite gap,full_bust_lingerie;plus_curve;tall_petite,100.00,0.02,0,no,yes,https://shopbrabar.com,https://shopbrabar.com/products/soft-day-bra-with-back-closure-bundle | https://shopbrabar.com/products/soft-push-up-bra-w-back-closure | https://shopbrabar.com/products/soft-day-bra-with-back-closure,no,no,yes,405.0,33473
request_now,Self-Adore (US),self-adore.com,Judge.me,high,full-bust/lingerie gap; swim/shapewear gap; bottoms/activewear gap,full_bust_lingerie;swim_shapewear;bottoms_denim_active,0.00,0.00,0,no,no,https://self-adore.com/,https://self-adore.com/products/fleur-3d-hand-beaded-embellished-bikini-bottom-black | https://self-adore.com/products/fleur-3d-hand-beaded-embellished-bikini-top-black | https://self-adore.com/products/fleur-3d-hand-beaded-embellished-bikini-bottom-pale-pink,no,yes,yes,390.0,121918
request_now,duoFIT Maternity Activewear,builtlikeamother.com,Judge.me,high,full-bust/lingerie gap; maternity/postpartum gap; bottoms/activewear gap,full_bust_lingerie;maternity_postpartum;bottoms_denim_active,0.00,0.00,0,no,yes,https://builtlikeamother.com,https://builtlikeamother.com/products/marathon-long-sleeved-shirt | https://builtlikeamother.com/products/mimi-pullover | https://builtlikeamother.com/products/kit-x-duofit-3-piece-kitmini,no,yes,yes,383.0,59661
request_now,CURVEEZ,curveez.com,Judge.me,high,full-bust/lingerie gap; swim/shapewear gap,full_bust_lingerie;swim_shapewear,73.81,0.64,75.9563,yes,yes,https://curveez.com?utm_source=share-a-sale&utm_medium=affiliate&utm_campaign=text-general,https://curveez.com/products/barely-there-layering-leggings-collective | https://curveez.com/products/shape-flow-set-firm-control-cami-bodysuit | https://curveez.com/products/essential-set-cami-control-bodysuit,no,yes,yes,352.07,91375
request_now,Gatherall,wegatherall.com,Judge.me,high,full-bust/lingerie gap; adaptive/specialty fit gap,full_bust_lingerie;adaptive_specialty,100.00,0.14,52.7897,no,yes,https://wegatherall.com/,https://wegatherall.com/products/protective-sheet-replacements | https://wegatherall.com/products/gatherall-east-west-tote-1 | https://wegatherall.com/products/lifting-duo-1,no,yes,yes,345.28,96839
request_now,EverLeakProof US,everleakproof.com,Loox,high,full-bust/lingerie gap; adaptive/specialty fit gap,full_bust_lingerie;adaptive_specialty,85.71,0.65,65.1189,no,no,https://everleakproof.com,https://everleakproof.com/products/priority-processing | https://everleakproof.com/products/nude-rise-leakproof-underwear | https://everleakproof.com/products/black-pearl-leakproof-underwear-5-pack,no,yes,yes,343.23,121298
request_now,TheRY,therygroup.com,Loox;Judge.me,high,maternity/postpartum gap; adaptive/specialty fit gap,maternity_postpartum;adaptive_specialty,12.50,0.03,12.734,no,yes,https://therygroup.com,https://therygroup.com/products/the-restorer-glide-postpartum-compression-recovery-legging | https://therygroup.com/products/the-flow-bodysuit | https://therygroup.com/products/the-uplift-pelvic-support-brief,no,yes,yes,334.52,78920
request_now,ucalingerie.com,ucalingerie.com,Stamped,high,full-bust/lingerie gap; swim/shapewear gap,full_bust_lingerie;swim_shapewear,100.00,1.47,61.8132,yes,yes,https://ucalingerie.com,https://ucalingerie.com/products/lina-pink-floral-lace-underwired-plunge-long-bra | https://ucalingerie.com/products/lina-plus-pink-floral-lace-underwired-plunge-long-bra | https://ucalingerie.com/products/cindy-lace-push-up-underwired-molded-cup-demi-long-bra,no,no,yes,331.18,114956
request_now,baleaf,baleaf.com,Judge.me,high,full-bust/lingerie gap; bottoms/activewear gap,full_bust_lingerie;bottoms_denim_active,17.56,0.44,17.2363,no,yes,https://www.baleaf.com,https://www.baleaf.com/products/golf-sleeveless-dress | https://www.baleaf.com/products/cozy-at-home-set | https://www.baleaf.com/products/everyday-travel-ready-set,no,yes,yes,325.07,97199
request_now,Springrose,springrose.co,Okendo,high,full-bust/lingerie gap; adaptive/specialty fit gap,full_bust_lingerie;adaptive_specialty,0.00,0.00,0,yes,yes,https://www.springrose.co,https://www.springrose.co/products/high-waisted-underwear | https://www.springrose.co/products/adaptive-underwear-bundle-2pk | https://www.springrose.co/products/effortless-magnetic-bra-bundle,no,no,yes,323.0,63730
request_now,Gooseberry Intimates Ltd,gooseberryintimates.com,Okendo,high,full-bust/lingerie gap; swim/shapewear gap,full_bust_lingerie;swim_shapewear,100.00,0.31,54.3047,no,yes,https://gooseberryintimates.com,https://gooseberryintimates.com/products/cozy-pj-set-red | https://gooseberryintimates.com/products/cozy-pj-set-peony | https://gooseberryintimates.com/products/cozy-pj-set-ivory,no,yes,yes,320.43,95071
request_now,Selia Richwood,seliarichwood.com,Judge.me,high,full-bust/lingerie gap; swim/shapewear gap,full_bust_lingerie;swim_shapewear,0.00,0.00,0,no,yes,https://seliarichwood.com,https://seliarichwood.com/products/aida-off-white-loop-top | https://seliarichwood.com/products/aida-off-white-loop-long-dress | https://seliarichwood.com/products/lia-blue-denim-bikini-bottom,no,yes,yes,313.0,107794
request_now,Heyjoanie LLC,heyjoanie.com,Judge.me,high,tall/petite gap; bottoms/activewear gap,tall_petite;bottoms_denim_active,33.33,18.41,34.1739,no,yes,https://www.heyjoanie.com,https://www.heyjoanie.com/collections/new-in/products/hj007 | https://www.heyjoanie.com/collections/new-in/products/slope-curve-jeans-hj039 | https://www.heyjoanie.com/collections/new-in/products/arc-jean-hj055-1,no,yes,yes,312.08,101359
request_now,Solbari Sun Protection (US),solbari.com,Yotpo,medium,swim/shapewear gap; bottoms/activewear gap,swim_shapewear;bottoms_denim_active,35.32,0.19,30.3032,yes,yes,https://www.solbari.com/,https://www.solbari.com/products/zip-polo-with-mesh | https://www.solbari.com/products/quarter-zip-top-with-mesh | https://www.solbari.com/products/the-weekender-panama-style-hat-upf-50,no,yes,yes,311.74,29951
request_now,Dippin Daisys (US),dippindaisys.com,Judge.me,high,swim/shapewear gap; bottoms/activewear gap,swim_shapewear;bottoms_denim_active,100.00,0.28,66.8363,no,yes,https://dippindaisys.com,https://dippindaisys.com/products/club-ibiza-hat-ibiza | https://dippindaisys.com/products/bellini-stripe-underwire-super-cheeky-set | https://dippindaisys.com/products/seashell-bandeau-cheeky-set,no,yes,yes,311.68,75734
request_now,WOLACO (US),wolaco.com,Yotpo,medium,adaptive/specialty fit gap; bottoms/activewear gap,bottoms_denim_active;adaptive_specialty,82.78,0.10,41.7153,no,yes,https://www.wolaco.com/,https://www.wolaco.com/products/womens-core-tank-in-steel-green | https://www.wolaco.com/products/womens-core-tank-in-black-w-chrome | https://www.wolaco.com/products/womens-sprint-half-tight-in-hudson-grey-w-chrome,no,yes,yes,308.83,22475
request_now,Cadense,cadense.com,Judge.me,high,adaptive/specialty fit gap; bottoms/activewear gap,bottoms_denim_active;adaptive_specialty,100.00,0.23,47.2097,no,no,https://cadense.com/,https://cadense.com/products/original-womens-adaptive-shoe | https://cadense.com/products/havena-womens-adaptive-slipper | https://cadense.com/products/aerio-womens-sandal-slide-hybrid,no,yes,yes,306.72,74410
request_now,UNTUCKit (US),untuckit.com,Yotpo;Bazaarvoice,medium,plus/curve gap; bottoms/activewear gap,plus_curve;bottoms_denim_active,91.97,0.68,66.5746,yes,no,https://www.untuckit.com/,https://www.untuckit.com/products/day-performance-polo-green-milieu | https://www.untuckit.com/products/performance-hat-1 | https://www.untuckit.com/products/no-show-sock-real-teal,no,no,yes,303.5,52525
request_now,Line in the Sand,lineinthesand.com,Judge.me,high,swim/shapewear gap; bottoms/activewear gap,swim_shapewear;bottoms_denim_active,0.00,0.00,0,no,yes,https://www.lineinthesand.com,https://www.lineinthesand.com/products/coastal-packable-sun-hat | https://www.lineinthesand.com/products/boyshort-long-sleeve-swimsuit | https://www.lineinthesand.com/products/long-sleeve-swimsuit,no,yes,yes,303.0,83815
request_now,SOL SWIM,shopsolswim.com,Judge.me,high,swim/shapewear gap; bottoms/activewear gap,swim_shapewear;bottoms_denim_active,0.00,0.00,0,no,no,https://www.shopsolswim.com/,https://www.shopsolswim.com/products/florencia-cherish-bottom | https://www.shopsolswim.com/products/lupita-underwire-cherish-top | https://www.shopsolswim.com/products/delfina-white-one-piece-swimsuit,no,yes,yes,300.0,118467
request_now,Sweat and Milk,sweatandmilk.com,Judge.me,high,maternity/postpartum gap; bottoms/activewear gap,maternity_postpartum;bottoms_denim_active,78.92,0.49,47.691,no,yes,https://sweatandmilk.com/,https://sweatandmilk.com/products/chloe-4-2-pack-special | https://sweatandmilk.com/products/velea-phone-pouch | https://sweatandmilk.com/products/ultra-high-rise-postpartum-compression-biker-short-7-chambray-blue,no,yes,yes,299.35,93617
request_now,Bravissimo,bravissimo.com,Yotpo,medium,full-bust/lingerie gap; swim/shapewear gap,full_bust_lingerie;swim_shapewear,78.88,0.06,39.3507,no,yes,https://www.bravissimo.com/us/?utm_source=Shareasale&utm_medium=affiliate&utm_campaign=shopbravissimolink,https://www.bravissimo.com/us/products/copacabana-bikini-sm172/ | https://www.bravissimo.com/us/products/cancun-bikini-top-sw887/ | https://www.bravissimo.com/us/products/square-neck-strappy-top-st125/,no,no,yes,298.51,96917
request_now,Waistdear,waistdear.com,Stamped;Yotpo,high,swim/shapewear gap; bottoms/activewear gap,swim_shapewear;bottoms_denim_active,100.00,0.27,60.1418,no,yes,https://www.waistdear.com/pages/rewards,https://www.waistdear.com/products/wholesale-adjustable-strap-one-piece-swimsuit-built-in-bra-tummy-control-ruched-front-slim-fit-swimwear | https://www.waistdear.com/products/wholesale-minimizing-bra-full-coverage-unlined-lace-mesh-side-support-underwire-smooth-back/ | https://www.waistdear.com/products/wholesale-full-coverage-underwire-bra-memory-foam-cup-side-support-wide-strap,no,yes,yes,286.01,33273
request_now,Boux Avenue US,bouxavenue.com,Bazaarvoice,medium,full-bust/lingerie gap; swim/shapewear gap,full_bust_lingerie;swim_shapewear,0.00,0.00,0,no,no,https://www.bouxavenue.com/us,,no,no,yes,285.0,67052
request_now,SILVERWIND,mysilverwind.com,Loox;Judge.me,high,swim/shapewear gap; bottoms/activewear gap,swim_shapewear;bottoms_denim_active,79.85,0.07,49.3551,no,yes,https://www.mysilverwind.com/collections/shop-all,https://www.mysilverwind.com/products/lotus-stardust-high-waisted-leggings | https://www.mysilverwind.com/products/lotus-stardust-backless-strappy-sports-bra | https://www.mysilverwind.com/products/phoenix-high-waisted-leggings,no,yes,yes,284.53,41180
request_now,Sunshine Society (US),iamsunshinesociety.com,Loox;Judge.me,high,full-bust/lingerie gap,full_bust_lingerie,100.00,1.21,80.4546,yes,yes,https://www.iamsunshinesociety.com/,https://www.iamsunshinesociety.com/products/silky-daydreamer-set | https://www.iamsunshinesociety.com/products/kids-silky-daydreamer-short-sleeve-short-set | https://www.iamsunshinesociety.com/products/silky-daydreamer-pant-set,no,yes,yes,283.05,119467
request_now,Zeagoo,zeagoo.com,Judge.me,high,full-bust/lingerie gap,full_bust_lingerie,100.00,0.09,52.4248,yes,yes,https://zeagoo.com,https://zeagoo.com/collections/mayes-picks/products/elegant-spring-print-lantern-sleeve-blouse-with-scarf | https://zeagoo.com/collections/mayes-picks/products/summer-casual-print-linen-blend-blouse-pants-set | https://zeagoo.com/collections/mayes-picks/products/floral-bow-detail-long-sleeve-maxi-dress,no,yes,yes,280.24,59047
request_now,Lusomé,lusome.com,Judge.me,high,full-bust/lingerie gap,full_bust_lingerie,100.00,0.34,84.9327,no,yes,https://lusome.com/,https://lusome.com/products/erin-nightgown-extended-sizing | https://lusome.com/products/sarah-tee-copy | https://lusome.com/products/donna-pant-extended-sizing,no,yes,yes,278.49,96573
request_now,EBY (US),shop.join-eby.com,Okendo,high,full-bust/lingerie gap,full_bust_lingerie,77.38,0.00,43.5102,yes,no,https://shop.join-eby.com/,https://shop.join-eby.com/products/mint-jelly-sheer-bralette | https://shop.join-eby.com/products/sugar-rush-sheer-bralette | https://shop.join-eby.com/products/berry-milkshake-sheer-bralette,no,yes,yes,275.9,70897
request_now,PerfectDD,perfectdd.com,Judge.me,high,full-bust/lingerie gap,full_bust_lingerie,100.00,0.02,51.974,no,yes,https://perfectdd.com/,https://perfectdd.com/products/hunter-high-impact-sports-bra | https://perfectdd.com/products/franci-l-s-button-down-10 | https://perfectdd.com/products/franci-l-s-button-down,no,yes,yes,275.2,93511
request_now,Belly Bandit,bellybandit.com,Judge.me,high,maternity/postpartum gap,maternity_postpartum,92.40,0.18,52.6891,yes,yes,https://bellybandit.com,https://bellybandit.com/products/maternity-leggings-with-bump-support-copy | https://bellybandit.com/products/carry-all-tote | https://bellybandit.com/products/belly-wrap-extender,no,yes,yes,275.12,89213
request_now,KING SupportWear,kingsonly.co,Judge.me,high,adaptive/specialty fit gap; bottoms/activewear gap,bottoms_denim_active;adaptive_specialty,0.00,0.00,0,no,no,https://kingsonly.co/,https://kingsonly.co/products/king-cap | https://kingsonly.co/products/king-tee | https://kingsonly.co/products/king-hoodie,no,yes,yes,275.0,122794
request_now,PURTY BODY Affiliate Program,purtybody.com,Okendo,high,full-bust/lingerie gap,full_bust_lingerie,99.01,1.49,68.7026,no,no,https://purtybody.com/,https://purtybody.com/products/vitamin-g-string | https://purtybody.com/products/snatched-vag-g-string | https://purtybody.com/products/snatched-vag-high-rise-g-string,no,yes,yes,273.85,119629
request_now,Net Positive,wearnetpositive.com,Okendo,high,full-bust/lingerie gap,full_bust_lingerie,76.73,0.94,61.851,no,no,https://wearnetpositive.com/,https://wearnetpositive.com/products/thong-black | https://wearnetpositive.com/products/thong-mocha | https://wearnetpositive.com/products/organic-cotton-triangle-bra-pink,no,yes,yes,272.72,117847
request_now,A DOMANI,adomanisleep.com,Okendo,high,maternity/postpartum gap,maternity_postpartum,100.00,0.17,67.8002,no,yes,https://www.adomanisleep.com/,https://www.adomanisleep.com/products/golden-hour-cool-feel-sleep-mask | https://www.adomanisleep.com/products/straight-leg-sleep-pant | https://www.adomanisleep.com/products/perfectly-short-short-shorts,no,yes,yes,271.78,112042
request_now,Rosewater Collective LLC,rosewaterhouse.com,Loox;Judge.me,high,maternity/postpartum gap,maternity_postpartum,100.00,0.35,52.1787,no,yes,https://rosewaterhouse.com/,https://rosewaterhouse.com/products/perla-blouse | https://rosewaterhouse.com/products/shiraz-ruffle-dress-printed-silk-blue | https://rosewaterhouse.com/products/shiraz-ruffle-dress-printed-silk-blue-copy,no,yes,yes,270.22,53861
request_now,Pietro Brunelli US,pietrobrunelli.it,Judge.me,high,maternity/postpartum gap,maternity_postpartum,33.33,1.88,35.1883,yes,no,https://www.pietrobrunelli.it/en,https://www.pietrobrunelli.it/products/skin-reggiseno-bandeau-premaman-e-allattamento-beige | https://www.pietrobrunelli.it/products/skin-slip-premaman-beige | https://www.pietrobrunelli.it/products/skin-reggiseno-premaman-e-allattamento-beige,no,yes,yes,269.19,117277
request_now,PROCLAIM,wearproclaim.com,Stamped,high,full-bust/lingerie gap,full_bust_lingerie,0.00,0.00,0,no,yes,https://www.wearproclaim.com/,https://www.wearproclaim.com/products/organic-cotton-crew-socks | https://www.wearproclaim.com/products/organic-cotton-square-neck-bralette | https://www.wearproclaim.com/products/organic-cotton-mid-rise-brief,no,yes,yes,268.0,81757
request_now,CAKES body,cakesbody.com,Judge.me;Stamped,high,full-bust/lingerie gap,full_bust_lingerie,0.00,0.00,0,no,yes,https://cakesbody.com,https://cakesbody.com/products/cakes-complete-collection-5-pack | https://cakesbody.com/products/sticky-starter-pack | https://cakesbody.com/products/cakes-tape,no,yes,yes,268.0,44141
request_now,Lovability (US),lovabilityinc.com,Stamped;Yotpo,high,full-bust/lingerie gap,full_bust_lingerie,93.48,0.15,74.149,yes,yes,https://lovabilityinc.com/,https://lovabilityinc.com/products/waterslyde | https://lovabilityinc.com/products/bath-love-bundle | https://lovabilityinc.com/products/happy-sock,no,yes,yes,267.28,32759
request_now,Snag Tights US,snagtights.us,Judge.me,high,full-bust/lingerie gap,full_bust_lingerie,76.72,0.01,0,no,no,https://snagtights.us/,https://snagtights.us/products/mixed-denier-tights-moonlit-black | https://snagtights.us/products/activewear-tee-debbie-black | https://snagtights.us/products/swimwear-the-need-for-speed-top,no,yes,yes,266.53,118621
request_now,FIND ME NOW (US),findmenowthelabel.com,Loox,high,full-bust/lingerie gap,full_bust_lingerie,0.00,0.00,0,no,no,https://findmenowthelabel.com/,https://findmenowthelabel.com/products/flutter-top-skirt-1 | https://findmenowthelabel.com/products/nara-tube-top-butter-dot | https://findmenowthelabel.com/products/fabio-voile-jacket-in-lilac,no,yes,yes,265.0,120073
request_next,Helen Jon,helenjon.com,Judge.me,high,swim/shapewear gap,swim_shapewear,99.53,0.74,82.7406,yes,yes,https://www.helenjon.com,https://www.helenjon.com/products/clutch-kc-current | https://www.helenjon.com/products/beach-tote-kc-current | https://www.helenjon.com/products/pareo-lagos-copy,no,yes,yes,263.26,65426
request_next,onewith,onewithswim.com,Okendo,high,swim/shapewear gap,swim_shapewear,100.00,0.18,54.6495,yes,yes,https://onewithswim.com,https://onewithswim.com/products/bellows-plunge-high-cut-one-piece-limited-edition-colorway-final-sale | https://onewithswim.com/products/clip-on-blonde-boho-babe-mermaid-extension | https://onewithswim.com/products/clip-on-flower-child-hairjoy-extension,no,yes,yes,260.46,44767
request_next,Nelle Atelier,nelleatelier.com,Judge.me,high,tall/petite gap,tall_petite,100.00,0.35,53.3117,no,yes,https://nelleatelier.com,https://nelleatelier.com/products/nelle-atelier-x-gabi_made-the-claire-vintage-in-sky | https://nelleatelier.com/products/petite-boxy-cropped-jacket-the-miri-jacket-in-indigo-copy | https://nelleatelier.com/products/nelle-atelier-x-gabi-made-custom-claire-vintage-jean,no,yes,yes,260.33,67078
request_next,Albion Fit,albionfit.com,Okendo,high,swim/shapewear gap,swim_shapewear,72.79,0.07,49.2661,yes,yes,https://albionfit.com,https://albionfit.com/products/henrys-dog-bandana-sand-bar-blue | https://albionfit.com/products/stripies-101-game-changer-top | https://albionfit.com/products/the-crush-one-piece-black-neo,no,yes,yes,259.38,93303
request_next,SWORLD Inc,swimwearworld.com,Stamped,high,swim/shapewear gap,swim_shapewear,73.08,0.05,42.1355,yes,yes,https://www.swimwearworld.com,https://www.swimwearworld.com/products/agua-bendita-lolita-alegria-bikini-21735-21719-450-3318 | https://www.swimwearworld.com/products/agua-bendita-valle-ilu-bikini-21716-21718-450-3317 | https://www.swimwearworld.com/products/agua-bendita-howy-avy-bikini-21715-21720-450-3316,no,yes,yes,258.68,97133
request_next,Fig & Willow,shopfigandwillow.com,Judge.me,high,plus/curve gap,plus_curve,0.00,0.00,0,no,yes,https://shopfigandwillow.com,https://shopfigandwillow.com/products/drew-cropped-button-down | https://shopfigandwillow.com/products/favorite-daughter-classic-logo-baseball-hat-navy | https://shopfigandwillow.com/products/honeycomb-bracelet-silver,no,yes,yes,258.0,41558
request_now,Etalon,shopetalon.com,Yotpo,medium,full-bust/lingerie gap,full_bust_lingerie,100.00,0.31,52.9171,yes,yes,https://shopetalon.com/products/etalon-posture-bra,https://shopetalon.com/products/etalon-2-0-posture-bands | https://shopetalon.com/products/bra-sweatshirt-bundle | https://shopetalon.com/products/etalon-2-0-posture-bras-bundle,no,yes,yes,255.29,84487
request_now,"Ulivary Fashion Co.,Ltd",ulivarylife.com,Judge.me,high,full-bust/lingerie gap,full_bust_lingerie,100.00,0.31,52.9203,yes,yes,https://ulivarylife.com,https://ulivarylife.com/products/dream-blush-stripe-robe-dress-set | https://ulivarylife.com/products/blush-lace-stripe-short-pajama-set-with-pockets | https://ulivarylife.com/products/lavender-lace-stripe-short-pajama-set-with-pockets,no,yes,yes,255.29,49637
request_now,Au Natural,liveaunatural.com,Loox,high,full-bust/lingerie gap,full_bust_lingerie,100.00,0.13,52.5289,no,yes,https://liveaunatural.com/,https://liveaunatural.com/products/seamless-triangle-bra | https://liveaunatural.com/products/seamless-scoop-bra | https://liveaunatural.com/products/untitled-may23_09-14,no,no,yes,255.25,39342
request_now,Bloomers Intimates LLC,bloomersintimates.com,Judge.me,high,full-bust/lingerie gap,full_bust_lingerie,96.72,0.24,48.7753,yes,yes,https://bloomersintimates.com/,https://bloomersintimates.com/products/leakproof-panties-black | https://bloomersintimates.com/products/black-lace-leakproof-underwear | https://bloomersintimates.com/products/boyshort-underwear-black,no,yes,yes,254.81,59333
request_now,AVIANAYA LLC DBA Journelle,journelle.com,Judge.me,high,full-bust/lingerie gap,full_bust_lingerie,67.07,0.19,53.3796,yes,yes,https://www.journelle.com/,https://www.journelle.com/products/cos-amore9431-black-moon-ivory | https://www.journelle.com/products/jou-6114-05-ciel | https://www.journelle.com/products/jou-6114-02-ivory,no,yes,yes,254.68,35237
request_now,JuJu Jams,jujujams.com,Yotpo,medium,full-bust/lingerie gap,full_bust_lingerie,0.00,0.00,0,yes,yes,https://JuJuJams.com,https://JuJuJams.com/products/emily-robe | https://JuJuJams.com/products/milly-pant-with-ruffle-clearance | https://JuJuJams.com/products/sally-ruffle-petal-nightgown-clearance,no,no,yes,253.0,97353
request_now,Satingel,satingel.com,Judge.me,high,full-bust/lingerie gap,full_bust_lingerie,0.00,0.00,0,no,yes,https://satingel.com/,https://satingel.com/products/satingel-vitamin-e-enriched-water-based-personal-lubricant | https://satingel.com/products/satingel-caramel-flavored-water-based-personal-lubricant | https://satingel.com/products/satingel-peach-flavored-water-based-personal-lubricant,no,yes,yes,253.0,124924
request_now,Montelle Intimates,montelleintimates.com,Judge.me;Stamped;Yotpo,high,full-bust/lingerie gap,full_bust_lingerie,59.33,0.10,36.1106,yes,yes,https://montelleintimates.com,https://montelleintimates.com/products/amour-gown-marian-blue | https://montelleintimates.com/products/iconic-boyshort-ash-rose | https://montelleintimates.com/products/sublime-spacer-bra-dahlia,no,yes,yes,252.8,88993
request_now,Radia Smart,radiasmart.com,Yotpo,medium,maternity/postpartum gap,maternity_postpartum,100.00,0.36,56.4138,yes,yes,https://radiasmart.com,https://radiasmart.com/products/rs-10-years-anniversary-blanket-regular | https://radiasmart.com/products/rs-ultimate-100-organic-bucket-hat-black | https://radiasmart.com/products/adult-hooded-poncho-blanket-grey-rf-shielding-5g-anti-radiation,no,yes,yes,250.64,60083
request_now,Klassy Network,klassyshop.com,Yotpo,medium,full-bust/lingerie gap,full_bust_lingerie,100.00,0.03,51.8866,no,yes,https://klassyshop.com,https://klassyshop.com/products/ribbed-dainty-bn-tank-fl | https://klassyshop.com/products/cotton-tee-fl | https://klassyshop.com/products/off-the-shoulder-long-sleeve,no,yes,yes,250.19,92619
request_now,Embrace Essentials Pte. Limited,wearembrace.com,Judge.me,high,full-bust/lingerie gap,full_bust_lingerie,100.00,0.09,51.7363,no,yes,https://wearembrace.com,https://wearembrace.com/products/the-nursing-dress-true-navy-maternity | https://wearembrace.com/products/high-neck-bra-top-true-navy | https://wearembrace.com/products/high-neck-bra-top-white,no,yes,yes,250.17,57303
request_now,Niidor,niidor.com,Loox,high,full-bust/lingerie gap,full_bust_lingerie,0.00,0.00,0,yes,no,https://niidor.com/,https://niidor.com/products/high-waist-smoothing-shorts | https://niidor.com/products/breathable-magnetic-closure-adhesive-bra | https://niidor.com/products/push-up-thin-bra-pads,no,no,yes,250.0,117505
request_now,Feelingirl US,feelingirl.com,Yotpo,medium,full-bust/lingerie gap,full_bust_lingerie,0.00,0.00,0,no,no,https://feelingirl.com/,https://feelingirl.com/products/feelingirl-everyday-wireless-bra-unlined-soft-bra | https://feelingirl.com/products/feelingirl-silicone-nipple-covers | https://feelingirl.com/products/scoop-neck-buttery-seamless-everyday-bodysuit,no,yes,yes,250.0,125300
request_now,Shebird,shebirdshop.com,Okendo,high,full-bust/lingerie gap; bottoms/activewear gap,full_bust_lingerie;bottoms_denim_active,100.00,0.37,81.2491,yes,yes,https://www.shebirdshop.com,https://www.shebirdshop.com/products/tear-drop-bra-pad | https://www.shebirdshop.com/products/the-alia-knit-bra-top | https://www.shebirdshop.com/products/the-savannah-strappy-dress,no,yes,yes,248.12,95059
request_next,SPLASH ON MAIN LLC,splashonmain.com,Yotpo,medium,swim/shapewear gap,swim_shapewear,0.00,0.00,0,no,yes,https://splashonmain.com/,https://splashonmain.com/products/cuff-hair-tie | https://splashonmain.com/products/reversible-cotton-sun-hat | https://splashonmain.com/products/dog-ceramic-ring-holder,no,yes,yes,248.0,51849
request_next,Beach Bum Club,beachbumclub.ca,Judge.me,high,swim/shapewear gap,swim_shapewear,0.00,0.00,0,no,yes,https://beachbumclub.ca,https://beachbumclub.ca/products/prairie-charm-top | https://beachbumclub.ca/products/prairie-charm-bottom | https://beachbumclub.ca/products/island-jungle-top,no,yes,yes,248.0,109028
request_next,BODY by Julia Haart,plusbody.com,Loox;Okendo,high,swim/shapewear gap,swim_shapewear,0.00,0.00,0,no,yes,https://bodybyjulia.com/,https://bodybyjulia.com/products/smooth-rider-boyfriend-tank-red | https://bodybyjulia.com/products/smooth-rider-boyfriend-tank-black-1 | https://bodybyjulia.com/products/smooth-rider-boyfriend-tank-black,no,yes,yes,248.0,110918
request_now,duet,duetcollection.com,Judge.me,high,maternity/postpartum gap,maternity_postpartum,100.00,0.82,61.7491,no,yes,https://duetcollection.com,https://duetcollection.com/products/the-ribbed-nursing-dress | https://duetcollection.com/products/the-modern-nursing-tee | https://duetcollection.com/products/the-modern-nursing-jumpsuit,no,yes,yes,246.17,60191
request_now,Simple Wishes,simplewishes.com,Judge.me,high,maternity/postpartum gap,maternity_postpartum,100.00,0.32,59.1173,no,yes,https://simplewishes.com/,https://simplewishes.com/products/the-supermom-silhouette-nursing-pumping-t-shirt-bra-midnight | https://simplewishes.com/products/stages-maternity-nursing-beyond-seamless-bra-midnight | https://simplewishes.com/products/stages-maternity-nursing-beyond-seamless-bra-sunkissed-rose,no,yes,yes,245.91,39112
request_next,Oner Active Global,us.oneractive.com,Yotpo,medium,bottoms/activewear gap,bottoms_denim_active,92.84,1.07,61.6412,yes,no,https://us.oneractive.com/,https://us.oneractive.com/products/cotton-icon-baby-t-shirt-soft-black | https://us.oneractive.com/products/mid-length-puffer-jacket-truffle-brown | https://us.oneractive.com/products/softmotion-long-sleeve-crop-top-with-white-logo-soft-black,no,yes,yes,243.02,23707
request_next,Non Disclosure Apparel,ndapparel.com,Judge.me,high,full-bust/lingerie gap,full_bust_lingerie,0.00,0.00,0,no,yes,https://ndapparel.com,https://ndapparel.com/products/womens-white-bralette-elli | https://ndapparel.com/products/womens-pink-bralette-gigi | https://ndapparel.com/products/womens-blue-bralette-gigi,no,yes,yes,243.0,76880
request_next,Dmoose (US),dmoose.com,Okendo,high,bottoms/activewear gap,bottoms_denim_active,100.00,0.24,59.7589,yes,no,https://www.dmoose.com/,https://www.dmoose.com/products/booty-building-bundle | https://www.dmoose.com/products/lifting-kit-nylon-ranger | https://www.dmoose.com/products/lifting-kit-nylon-grey,no,yes,yes,242.98,54343
backup_only,Proviz US,provizsports.com,Yotpo,medium,bottoms/activewear gap,bottoms_denim_active,97.48,0.07,59.1174,yes,no,https://provizsports.com/en-us,https://provizsports.com/products/kids-reflective-active-kids-jacket | https://provizsports.com/products/reflective-active-20l-backpack | https://provizsports.com/products/reflective-hair-scrunchie,no,yes,yes,242.86,30483
backup_only,Scarlett Gasque (US),scarlettgasque.com,Okendo,high,full-bust/lingerie gap,full_bust_lingerie,100.00,0.02,0,no,no,https://www.scarlettgasque.com/,https://www.scarlettgasque.com/products/arcadia-corset-floral | https://www.scarlettgasque.com/products/sonnet-scrunchie | https://www.scarlettgasque.com/products/isla-crochet-mini-dress,no,yes,yes,242.0,67752
backup_only,Moodytiger (US),moodytiger.com,Judge.me,high,bottoms/activewear gap,bottoms_denim_active,100.00,1.34,69.7165,no,yes,https://moodytiger.com,https://moodytiger.com/products/breathable-kids-leggings-breezy | https://moodytiger.com/products/kids-short-sleeve-tee-fairy | https://moodytiger.com/products/kids-printed-skirt-fairy,no,yes,yes,241.97,114120
backup_only,Ave and Liv,aveandliv.com,Judge.me,high,maternity/postpartum gap,maternity_postpartum,75.00,0.01,50.667,no,no,https://www.aveandliv.com/,https://www.aveandliv.com/products/usa-pullover | https://www.aveandliv.com/products/portside-top-white-navy | https://www.aveandliv.com/products/skipper-sequin-mini-skirt,no,yes,yes,241.57,113760
backup_only,Petite Plume,petite-plume.com,Okendo;Stamped,high,tall/petite gap,tall_petite,96.90,1.15,56.5382,yes,yes,https://www.petite-plume.com,https://www.petite-plume.com/products/kids-twill-pajama-short-set-in-white-with-yacht-club-embroidery | https://www.petite-plume.com/products/womens-voile-pareo-in-nautical-knots | https://www.petite-plume.com/products/mens-twill-pajama-short-set-in-white-with-team-usa-embroidery,no,yes,yes,240.59,96951
backup_only,FitVille Footwear,thefitville.com,Judge.me,high,bottoms/activewear gap,bottoms_denim_active,22.47,0.20,20.9829,yes,yes,https://thefitville.com/?utm_source=affiliate&utm_medium=awin,https://thefitville.com/products/mens-exova-low-v1 | https://thefitville.com/products/rebound-core-sandy-grey | https://thefitville.com/products/fitville-mens-easytop-wings-v2,no,yes,yes,240.55,92521
backup_only,Nazeerah,nazeerah.com,Judge.me,high,bottoms/activewear gap,bottoms_denim_active,100.00,0.68,54.5914,no,yes,https://nazeerah.com,https://nazeerah.com/products/liadan-top | https://nazeerah.com/products/sahla-trouser | https://nazeerah.com/products/damietta-pant,no,yes,yes,240.46,84747
backup_only,Devon and Lang,devonandlang.com,Judge.me,high,full-bust/lingerie gap,full_bust_lingerie,0.00,0.00,,no,no,https://devonandlang.com/,https://devonandlang.com/products/journey-boxer-brief-multi-packs-fan-faves | https://devonandlang.com/products/journey-boxer-brief-multi-packs-spring-refresh | https://devonandlang.com/products/journey-boxer-brief-moon-bunny-copy,no,yes,yes,240.0,126925
backup_only,Daughter Lessons NYC,daughterlessonsnyc.com,Yotpo,medium,bottoms/activewear gap,bottoms_denim_active,100.00,0.21,0,yes,yes,https://daughterlessonsnyc.com/,https://daughterlessonsnyc.com/products/cruise-bra | https://daughterlessonsnyc.com/products/cruise-shorts | https://daughterlessonsnyc.com/products/capri-suit,no,yes,yes,240.0,37208
backup_only,Hot Octopuss,hotoctopuss.com,Stamped,high,full-bust/lingerie gap,full_bust_lingerie,48.92,0.47,39.4675,yes,no,https://www.hotoctopuss.com/,https://www.hotoctopuss.com/products/rose-trim-watch-remote_enhanced-pulse-duo | https://www.hotoctopuss.com/products/melted-dreams-massage-candles | https://www.hotoctopuss.com/products/jesse-clitoral-suction-vibrator,no,no,yes,239.93,58479
backup_only,Freddy US,freddystore.com,Judge.me,high,bottoms/activewear gap,bottoms_denim_active,96.83,0.15,70.0337,no,no,https://freddystore.com/,https://freddystore.com/products/wr-up-snug-jeans-3-button-high-waisted-shorts-pink-sorbet | https://freddystore.com/products/wr-up-snug-jeans-mid-rise-full-length-dark-blue-blue-stitching | https://freddystore.com/products/wr-up-snug-jeans-high-waisted-flare-dark-blue-blue-stitching,no,yes,yes,238.94,102051
backup_only,Flowell (US),flowell.com,Reviews.io,medium,adaptive/specialty fit gap; bottoms/activewear gap,bottoms_denim_active;adaptive_specialty,100.00,5.04,69.1826,no,no,https://www.flowell.com/,https://www.flowell.com/products/flowell-travel-bundle | https://www.flowell.com/products/flowell-summer-complete-bundle | https://www.flowell.com/products/flowell-cool-comfort-sleeve-double-pack,no,yes,yes,238.92,114330
backup_only,The Period Company,period.co,Okendo,high,adaptive/specialty fit gap,adaptive_specialty,99.48,0.15,80.4557,yes,yes,https://period.co,https://period.co/products/the-junior-sleeper | https://period.co/products/the-period-pouch | https://period.co/products/p1024-blackberry,no,yes,yes,238.04,95545
backup_only,Koraru,koraru.co,Judge.me,high,swim/shapewear gap,swim_shapewear,100.00,0.07,77.4856,yes,yes,https://www.koraru.co,https://www.koraru.co/products/kumanomi-cup-top-avorio | https://www.koraru.co/products/nikko-scrunch-bottom-avorio | https://www.koraru.co/products/tulosa-mid-rise-bikini-bottoms-green-stripes,no,yes,yes,237.75,96511
backup_only,Swimwear Anywhere,beach2ocean.com,Yotpo,medium,swim/shapewear gap,swim_shapewear,100.00,1.28,70.4616,yes,yes,https://beach2ocean.com/,https://beach2ocean.com/products/coco-reef-verso-high-waist-reversible-bikini-bottom-playa-paradiso | https://beach2ocean.com/products/coco-contours-pacific-sarong-swim-skirt-summer-crochet | https://beach2ocean.com/products/coco-reef-felicity-cover-up-pants-sand-dune-crochet,no,yes,yes,237.05,94311
backup_only,AnimalPak (US),animalpak.com,Yotpo,medium,bottoms/activewear gap,bottoms_denim_active,100.00,0.34,0,yes,no,https://www.animalpak.com/,https://www.animalpak.com/products/kennedy-anyanwu-s-stack | https://www.animalpak.com/products/mesh-shorts | https://www.animalpak.com/products/muscle-tank,no,yes,yes,237.0,18226
backup_only,Cosabella (US),cosabella.com,Stamped,high,full-bust/lingerie gap,full_bust_lingerie,55.75,0.55,51.2786,no,no,https://cosabella.com/,https://cosabella.com/products/savona-reggiseno-a-fascia-lucia-linaria-it | https://cosabella.com/products/savona-perizoma-a-vita-media-lucia-linaria-it | https://cosabella.com/products/savona-tanga-mit-mittlerem-bund-lucia-linaria-de,no,no,yes,236.24,123662
backup_only,Floralkini,floralkini.com,Judge.me,high,swim/shapewear gap,swim_shapewear,100.00,0.13,56.3691,yes,yes,https://www.floralkini.com/collections/2-for-6-99,https://www.floralkini.com/products/fkn26006008e0001-metallic-silver-faux-leather-pointed-toe-mid-calf-stiletto-heel-boots-with-cinching-mechanism | https://www.floralkini.com/products/fkn26005027bs006-two-tone-ruched-triangle-high-cut-bikini-set | https://www.floralkini.com/products/fkn26005027bs005-red-check-mesh-contrast-v-neck-bustier-top-and-and-mini-fold-over-boyshorts,no,yes,yes,235.64,62479
backup_only,LDMA,ldmabrand.com,Okendo,high,full-bust/lingerie gap,full_bust_lingerie,100.00,1.27,55.947,yes,yes,https://ldmabrand.com/,https://ldmabrand.com/products/heritage-sport-shorts-laguna-blue | https://ldmabrand.com/products/all-day-straight-leg-sweats-laguna-blue | https://ldmabrand.com/products/all-day-joggers-laguna-blue,no,no,yes,235.59,95839
backup_only,RaveFix,ravefix.com,Stamped,high,full-bust/lingerie gap,full_bust_lingerie,100.00,0.39,54.9707,yes,yes,https://www.ravefix.com,https://www.ravefix.com/products/bunny-beach-1-pc-swimsuit-1 | https://www.ravefix.com/products/midnight-vixen-mesh-bodysuit | https://www.ravefix.com/products/bunny-world-2-pc-bikini-set,no,no,yes,235.5,97073
backup_only,V Shred Threads (US),vshredthreads.com,Loox,high,bottoms/activewear gap,bottoms_denim_active,0.00,0.00,0,yes,no,https://vshredthreads.com/,https://vshredthreads.com/products/essentials-set-essential-leggings-sports-bra | https://vshredthreads.com/products/v-shred®-classic-t-shirt | https://vshredthreads.com/products/yoga-mat,no,yes,yes,235.0,22048
backup_only,Meira Active,meiraactive.com,Judge.me,high,bottoms/activewear gap,bottoms_denim_active,100.00,0.13,0,no,yes,https://meiraactive.com,https://meiraactive.com/products/activewear-zip-tank-top | https://meiraactive.com/products/smooth-duo®-pocket-legging-2-0 | https://meiraactive.com/products/double-trouble-built-in-thong-bike-shorts-bundle,no,yes,yes,235.0,95495
backup_only,La Voie,shoplavoie.com,Judge.me,high,bottoms/activewear gap,bottoms_denim_active,0.00,0.00,0,yes,no,https://www.shoplavoie.com/,https://www.shoplavoie.com/products/la-voie-sock-white-corsica | https://www.shoplavoie.com/products/la-voie-sock-white-cocoa | https://www.shoplavoie.com/products/seamless-cropped-zip-up-red-currant,no,yes,yes,235.0,124046
backup_only,hugmoom curtains,hugmoomcurtain.com,Judge.me,high,plus/curve gap,plus_curve,0.00,0.00,,yes,no,https://hugmoomcurtain.com/,https://hugmoomcurtain.com/products/luxury-4-piece-bedding-set-minimalist-modern-duvet-cover-with-striped-design | https://hugmoomcurtain.com/products/modern-minimalist-cream-bolster-pillow-covers-upscale-aesthetic-cylinder-cushion-cover-for-sofa-hotel | https://hugmoomcurtain.com/products/quiet-luxury-textured-neutral-throw-pillow-covers-vintage-resort-lumbar-cushion-for-sofa-bed,no,yes,yes,235.0,123074
backup_only,Qynda Active Wear (US),qynda.com,Judge.me,high,bottoms/activewear gap,bottoms_denim_active,0.00,0.00,0,yes,no,https://qynda.com/,https://qynda.com/products/cooldown-coat | https://qynda.com/products/ladina-2-o | https://qynda.com/products/arma,no,yes,yes,235.0,78976
backup_only,Visual Mood,visualmood.com,Loox;Judge.me,high,swim/shapewear gap,swim_shapewear,83.12,0.32,46.4298,yes,yes,https://www.visualmood.com,https://www.visualmood.com/products/shea-halter-neck-cutout-one-piece-swimsuit-ivory | https://www.visualmood.com/products/shea-halter-neck-cutout-one-piece-swimsuit-mocha | https://www.visualmood.com/products/shea-halter-neck-cutout-one-piece-swimsuit-rust-red,no,yes,yes,234.31,89847
backup_only,SABAL,shopsabal.com,Loox;Okendo,high,swim/shapewear gap,swim_shapewear,100.00,1.98,91.1983,no,yes,https://shopsabal.com/,https://shopsabal.com/products/palm-beach-classic-bikini-bottoms-mediterranean-tile | https://shopsabal.com/products/maui-string-tie-bikini-bottoms-mediterranean-tile | https://shopsabal.com/products/sculpting-hampton-triangle-halter-mediterranean-tile,no,yes,yes,234.12,52055
backup_only,Kinkly,kinkly.com,Judge.me,high,full-bust/lingerie gap,full_bust_lingerie,82.05,0.38,71.6282,no,no,https://www.kinkly.com/,,no,yes,yes,233.8,115941
backup_only,Left on Friday,leftonfriday.com,Yotpo,medium,swim/shapewear gap,swim_shapewear,100.00,0.36,63.8351,no,no,https://leftonfriday.com/,https://leftonfriday.com/products/rays-suit-shortie-first-place | https://leftonfriday.com/products/rays-suit-shortie-sweet-chili-heat | https://leftonfriday.com/products/rays-suit-shortie-jet,no,no,yes,233.38,86407
backup_only,Brooks Avenue,shopbrooksavenue.com,Yotpo,medium,maternity/postpartum gap,maternity_postpartum,100.00,0.26,82.3228,yes,yes,https://shopbrooksavenue.com,https://shopbrooksavenue.com/products/madelyn-midi-skirt-pink-embroidered | https://shopbrooksavenue.com/products/colette-midi-skirt-red-white-stripe | https://shopbrooksavenue.com/products/emma-sleeveless-blouse-red-stripe,no,no,yes,233.23,80142
backup_only,Kitty and Vibe,kittyandvibe.com,Judge.me,high,swim/shapewear gap,swim_shapewear,66.20,0.21,38.1907,yes,yes,https://www.kittyandvibe.com,https://www.kittyandvibe.com/products/preorder-ruched-square-neck-one-piece-in-harbor | https://www.kittyandvibe.com/products/preorder-long-sleeve-rashguard-in-harbor | https://www.kittyandvibe.com/products/brief-bottoms-in-blueberry,no,yes,yes,233.14,93431
backup_only,Colorfulkoala Affiliate Program,colorfulkoala.com,Judge.me,high,bottoms/activewear gap,bottoms_denim_active,0.00,0.00,,no,yes,https://colorfulkoala.com/,https://colorfulkoala.com/products/dreamlux-buttery-soft-everyday-workout-leggings-28-w-pockets | https://colorfulkoala.com/products/dreamlux-high-waisted-no-front-seam-25-yoga-leggings-w-contrast-trim | https://colorfulkoala.com/collections/best-selling/products/dreamlux-buttery-soft-high-waist-everyday-workout-leggings-w-pockets-weightless-comfort-7-8-length-25-copy,no,yes,yes,233.0,126631
backup_only,JO+CO,shopjoandco.com,Judge.me,high,bottoms/activewear gap,bottoms_denim_active,0.00,0.00,0,no,yes,https://www.shopjoandco.com,https://www.shopjoandco.com/products/britton-chocolate-floral-maxi-dress | https://www.shopjoandco.com/products/norah-ivory-bow-front-tie-top | https://www.shopjoandco.com/products/judy-crossbody-black,no,yes,yes,233.0,63296
backup_only,Viren Ltd,viren-apparel.myshopify.com,Yotpo;Reviews.io,medium,bottoms/activewear gap,bottoms_denim_active,0.00,0.00,0,no,yes,https://viren.com/,https://viren.com/products/ultimate-comfort-workout-set | https://viren.com/products/higher-power-set-stone-beige | https://viren.com/products/higher-power-set,no,yes,yes,233.0,110800
backup_only,Huha Underwear,hu-ha.com,Yotpo,medium,full-bust/lingerie gap,full_bust_lingerie,100.00,0.23,0,no,no,https://hu-ha.com/,https://hu-ha.com/products/black-triangle-bra | https://hu-ha.com/products/black-string-bra | https://hu-ha.com/products/black-tata-bralette,no,no,yes,232.0,102461
backup_only,Memoi,memoi.com,Bazaarvoice,medium,full-bust/lingerie gap; adaptive/specialty fit gap,full_bust_lingerie;adaptive_specialty,99.15,1.15,61.3975,yes,yes,https://memoi.com,https://memoi.com/products/summer-checkered-beach-towel | https://memoi.com/products/les-plumes-knee-high | https://memoi.com/products/black-bear-cotton-compression-socks,no,yes,yes,231.12,92625
backup_only,PLAYALUXE US,playaluxe.com,Loox,high,swim/shapewear gap,swim_shapewear,50.00,2.66,0,yes,no,https://playaluxe.com/,https://playaluxe.com/products/mykonos-mesh-shirt-pink | https://playaluxe.com/products/mykonos-mesh-shirt-green | https://playaluxe.com/products/mykonos-mesh-pant-pink,no,no,yes,231.0,102335
backup_only,commando,wearcommando.com,Okendo,high,full-bust/lingerie gap,full_bust_lingerie,100.00,0.40,58.0408,no,yes,https://www.wearcommando.com,https://www.wearcommando.com/products/better-than-basic-rib-relaxed-short | https://www.wearcommando.com/products/better-than-basic-rib-bralette | https://www.wearcommando.com/products/better-than-basic-rib-crop-racerback-tank,no,no,yes,230.8,61177
backup_only,Pink Desert,thepinkdesert.com,Okendo,high,swim/shapewear gap,swim_shapewear,64.00,0.01,0,no,yes,https://www.thepinkdesert.com/,https://www.thepinkdesert.com/products/the-vanessa-rose-print-dress | https://www.thepinkdesert.com/products/the-dayana-bow-jean-jacket | https://www.thepinkdesert.com/products/the-liberty-usa-long-sleeve,no,no,yes,229.28,61119
backup_only,Propper,propper.com,Yotpo,medium,full-bust/lingerie gap,full_bust_lingerie,83.46,0.10,45.5449,no,yes,https://www.propper.com,,no,no,yes,229.22,112204
backup_only,Sauipe Swim LLC,sauipeswim.com,Yotpo,medium,swim/shapewear gap,swim_shapewear,0.00,0.00,0,no,yes,https://www.sauipeswim.com,https://www.sauipeswim.com/products/serena-bandeau-bikini-top-terracotta | https://www.sauipeswim.com/products/womans-one-piece-swimsuit-with-molded-cups-copper | https://www.sauipeswim.com/products/womans-one-piece-swimsuit-with-molded-cups-green,no,no,yes,228.0,46417
backup_only,BUMPSUIT,bumpsuit.com,Okendo,high,maternity/postpartum gap,maternity_postpartum,100.00,0.30,53.2751,no,yes,https://www.bumpsuit.com/,https://www.bumpsuit.com/products/the-cindy-maternity-romper | https://www.bumpsuit.com/products/seamless-tube-dress | https://www.bumpsuit.com/products/the-cloud-crop-maternity-tee,no,no,yes,225.33,93147
backup_only,Iconix International,pony.com,Yotpo,medium,full-bust/lingerie gap,full_bust_lingerie,100.00,0.10,0,no,yes,https://pony.com,https://pony.com/products/women-s-black-white-cherry | https://pony.com/products/nassau | https://pony.com/products/meeker,no,no,yes,225.0,66890
backup_only,Vuori Clothing (US & Canada),vuoriclothing.com,Yotpo,medium,bottoms/activewear gap,bottoms_denim_active,95.02,0.34,69.3232,yes,no,https://vuoriclothing.com/,https://vuoriclothing.com/products/coast-short-7-oatmeal | https://vuoriclothing.com/products/womens-villa-pinstripe-wideleg-suede-pinstripe | https://vuoriclothing.com/products/short-sleeve-bridge-button-down-raindrop-stone,no,no,yes,223.83,33371
backup_only,Splits59,splits59.com,Okendo;Yotpo,high,bottoms/activewear gap,bottoms_denim_active,97.31,0.78,55.6264,no,yes,https://www.splits59.com,https://www.splits59.com/products/tess-rigor-half-zip-waist-length-3 | https://www.splits59.com/products/taylor-knit-polo-2 | https://www.splits59.com/products/ozzie-rigor-skirt,no,no,yes,220.51,66978
backup_only,Elastique Athletics US Program,elastiqueathletics.com,Yotpo,medium,bottoms/activewear gap,bottoms_denim_active,100.00,1.03,82.7021,no,no,https://www.elastiqueathletics.com/,https://www.elastiqueathletics.com/products/monte-carlo-bikini-top | https://www.elastiqueathletics.com/products/monte-carlo-skort | https://www.elastiqueathletics.com/products/monte-carlo-tank,no,no,yes,220.27,68948
backup_only,Gia IRL inc,giairl.com,Yotpo,medium,plus/curve gap,plus_curve,100.00,0.10,51.9841,no,yes,https://giairl.com,https://giairl.com/products/francesca-top | https://giairl.com/products/francesca-pant | https://giairl.com/products/briana-cargo-pant-in-denim,no,no,yes,220.2,96905
backup_only,PLAGARY,plagary.com,Judge.me,high,maternity/postpartum gap,maternity_postpartum,0.00,0.00,0,yes,no,https://plagary.com/,https://plagary.com/products/1-64-bulldog-miniature-figures-resin-diorama | https://plagary.com/products/48pcs-oo-ho-scale-1-75-plastic-model-pigeon-dove-bird | https://plagary.com/products/24pcs-ho-scale-1-87-painted-moose-elk-deer-wild-animals,no,no,yes,220.0,117953
backup_only,Pickleball Bella (US),pickleballbella.com,Stamped,high,bottoms/activewear gap,bottoms_denim_active,100.00,1.28,75.1275,no,no,https://pickleballbella.com/,https://pickleballbella.com/products/captiva-large-white-pearl-pickleball-sunglasses | https://pickleballbella.com/products/captiva-large-emerald-green-pickleball-sunglasses | https://pickleballbella.com/products/captiva-emerald-green-pickleball-sunglasses,no,no,yes,219.51,123352
backup_only,Andi (US),shopandi.com,Yotpo,medium,bottoms/activewear gap,bottoms_denim_active,98.35,0.73,74.9977,no,no,https://www.shopandi.com/,https://www.shopandi.com/products/strawberry-fields-scrunchie-band-compatible-with-apple-watch | https://www.shopandi.com/products/oat-milk-jumbo-scrunchie | https://www.shopandi.com/products/sawyer-jumbo-scrunchie,no,no,yes,219.47,54593
backup_only,Danucera.com,danucera.com,Yotpo,medium,full-bust/lingerie gap,full_bust_lingerie,100.00,1.04,72.1348,yes,no,https://danucera.com/,https://danucera.com/products/the-danucera-5-step-method-1 | https://danucera.com/products/the-body-1 | https://danucera.com/products/the-foundation-bundle-1,no,no,yes,219.21,117133
backup_only,SYS US,stretchyourstory.com,Yotpo,medium,bottoms/activewear gap,bottoms_denim_active,64.63,0.18,69.1148,no,no,https://www.stretchyourstory.com/,https://www.stretchyourstory.com/products/buttermelt%E2%84%A2-legging-25 | https://www.stretchyourstory.com/products/butterease%E2%84%A2-legging-25 | https://www.stretchyourstory.com/products/butterflow%E2%84%A2-legging-25,no,no,yes,218.2,117991
backup_only,Cloud Slides,cloudslides.com,Loox,high,bottoms/activewear gap,bottoms_denim_active,77.14,0.33,52.7931,no,no,https://cloudslides.com/,https://cloudslides.com/products/cloud-slides | https://cloudslides.com/products/cloud-slides-sandal | https://cloudslides.com/products/cloud-slides-plush-dream,no,no,yes,216.82,117663
backup_only,437 (US),shop437.com,Loox,high,bottoms/activewear gap,bottoms_denim_active,100.00,0.02,45.13,no,no,https://shop437.com/,https://shop437.com/products/signature-437-bundle | https://shop437.com/products/the-v-legging-espresso | https://shop437.com/products/the-v-legging-black,no,no,yes,216.51,29465
backup_only,Splay Shoes (US),splayshoes.com,Okendo,high,bottoms/activewear gap,bottoms_denim_active,90.29,0.55,45.8513,no,no,https://splayshoes.com/,https://splayshoes.com/products/weekender-kids-blue-lagoon | https://splayshoes.com/products/weekender-kids-sandbar | https://splayshoes.com/products/weekender-kids-driftwood,no,no,yes,216.39,121226
backup_only,Forme.Science (US),forme.science,Yotpo,medium,bottoms/activewear gap,bottoms_denim_active,0.00,0.00,0,yes,no,https://forme.science/,https://forme.science/products/revive-bra®-with-wider-armhole | https://forme.science/products/power-bra®-with-wider-armhole | https://forme.science/products/smart-short,yes,yes,yes,215.0,102755
backup_only,WALLIEN,wallien.com,Reviews.io,medium,bottoms/activewear gap,bottoms_denim_active,100.00,0.18,61.8677,yes,no,https://www.wallien.com/,https://www.wallien.com/products/wrap-skirt-blue-white | https://www.wallien.com/products/wrap-skirt-brown-white | https://www.wallien.com/products/sports-dress-purple,no,yes,yes,213.19,83739
backup_only,LimmiFit (US),limmifit.com,Loox,high,bottoms/activewear gap,bottoms_denim_active,0.00,0.00,0,no,yes,https://limmifit.com/,https://limmifit.com/products/scallop-high-waisted-leggings | https://limmifit.com/products/scalloped-skort | https://limmifit.com/products/scalloped-edge-sports-bra,no,no,yes,213.0,116537
backup_only,Boxraw US,boxraw.com,Reviews.io,medium,bottoms/activewear gap,bottoms_denim_active,0.00,0.00,0,yes,yes,https://boxraw.com/,https://boxraw.com/products/bivol-x-boxraw-controlled-aggression-oversized-hoodie-black | https://boxraw.com/products/bivol-x-boxraw-pendulum-oversized-hoodie-white | https://boxraw.com/products/bivol-sparring-club-oversized-t-shirt-washed-black,no,yes,yes,208.0,27830
backup_only,Rip-It Sports (US),ripit.com,Bazaarvoice,medium,bottoms/activewear gap,bottoms_denim_active,40.00,0.44,62.5551,no,no,https://www.ripit.com/,https://www.ripit.com/products/womens-rip-it-one-step-faster-tee | https://www.ripit.com/products/womens-swiftstep-future-volleyball-court-shoe | https://www.ripit.com/products/womens-swiftstep-kaylei-volleyball-court-shoe-sale-colors,no,yes,yes,207.06,118767
backup_only,YIZHI FASHION HK LIMITED,bit.ly,Okendo,high,bottoms/activewear gap,bottoms_denim_active,75.91,0.54,41.868,no,yes,https://en.moco.com/collections/this-week?utm_source=shareasale&utm_medium=shareasale&utm_campaign=thisweek&utm_id=shareasale,https://en.moco.com/products/pinstripe-halterneck-linen-vest-mbf2wai005 | https://en.moco.com/products/v-neck-strap-silk-tank-top-mbf2vet007 | https://en.moco.com/products/cropped-sleeveless-denim-top-mbf2top054,yes,no,yes,198.7,96909
